AAACAGCTTTCAGAAG-1,1,,,1206,271
AAACCGGGTAGGTACC-1,1,,,1124,1212
AAACCTCATGAAGTTG-1,1,,,692,768
AAACGAGACGGTTGAT-1,1,,,531,3739
AAACTGCTGGCTCCAA-1,1,,,1390,3142
AAACTTGCAAACGTAT-1,1,,,1381,765
AAAGTCGACCCTCAGT-1,1,,,691,570
AAAGTGTGATTTATCT-1,1,,,1310,4479
AAAGTTGACTCCCGTA-1,1,,,1138,4579
AAATACCTATAAGCAT-1,1,,,1563,3240
AAATAGCTTAGACTTT-1,1,,,623,5076
AAATCGTGTACCACAA-1,1,,,1302,2598
AAATGGTCAATGTGCC-1,1,,,353,2354
AAATTAACGGGTAGCT-1,1,,,441,2700
AAATTTGCGGGTGTGG-1,1,,,1556,1458
AACACGAGACGCGGCC-1,1,,,1381,864
AACCAAGACTTCTCTG-1,1,,,606,1016
AACCCTACTGTCAATA-1,1,,,966,4579
AACCGCTAAGGGATGC-1,1,,,1482,4379
AACGGCCATCTCCGGT-1,1,,,1557,1755
AACGTACTGTGGGTAC-1,1,,,1644,1903
AACGTGCGAAAGTCTC-1,1,,,617,3492
AACTCAAGTTAATTGC-1,1,,,783,2006
AACTCTCAATAGAGCG-1,1,,,534,4432
AAGACTGCAAGCTACT-1,1,,,615,3194
AAGAGCTCTTTATCGG-1,1,,,531,3640
AAGAGGATGTACGCGA-1,1,,,866,1263
AAGAGGCATGGATCGC-1,1,,,618,3789
AAGCTCGTGCCAAGTC-1,1,,,530,3442
AAGGATCGATCGCTTG-1,1,,,882,5223
AAGGTGATAAACCAGC-1,1,,,1309,4380
AAGTCAATTGTCGTCA-1,1,,,1397,4825
AAGTGACGACCGAATT-1,1,,,1037,1064
AAGTGCCTTGACTGTA-1,1,,,1312,4974
AAGTTCGGCCAACAGG-1,1,,,1470,1508
AATAACAACGCTCGGC-1,1,,,608,1313
AATAGAATCTGTTTCA-1,1,,,1653,4081
AATATTGGAGTATTGA-1,1,,,606,917
AATCGCCTCAGCGCCA-1,1,,,876,3738
AATCGCGCAGAGGACT-1,1,,,1141,5470
AATGACAGCAATGTCT-1,1,,,1641,1309
AATGACGTAGGATGTC-1,1,,,1306,3687
AATTAAAGGTCGGCGT-1,1,,,956,2302
AATTCTAGAGTTAGGC-1,1,,,1734,2942
AATTGAACGCTCTGGT-1,1,,,1394,3934
ACAAATGGTAGTGTTT-1,1,,,1308,3984
ACAACAGCATGAGCTA-1,1,,,272,3394
ACAAGGAAATCCGCCC-1,1,,,1737,3536
ACAAGGGCAGGCTCTG-1,1,,,1306,3588
ACAATAGTCGTACGTT-1,1,,,1123,816
ACAATCCATTTAAACC-1,1,,,608,1412
ACACACCAGGACCAGT-1,1,,,1309,4281
ACACCTTACTACTTGC-1,1,,,1055,5322
ACATCCTGGTAACTGT-1,1,,,1139,4876
ACATCGATCGTTTACC-1,1,,,1131,2895
ACATCGGTCAGCCGCG-1,1,,,1040,1658
ACATCGTATGCAATGG-1,1,,,1393,3835
ACATGGCGCCAAAGTA-1,1,,,967,4975
ACCACCAATGTAACAA-1,1,,,1054,5123
ACCACGTGCAGCTATA-1,1,,,1651,3586
ACCAGTGCGGGAGACG-1,1,,,1654,4477
ACCATATCCGCAATAA-1,1,,,785,2600
ACCATCCGCCAACTAG-1,1,,,1293,419
ACCATCGTATATGGTA-1,1,,,1127,1905
ACCCATCTTGAGGGTA-1,1,,,695,1659
ACCCGGATGACGCATC-1,1,,,794,4778
ACCCGGTTACACTTCC-1,1,,,1128,2202
ACCCTCCCTTGCTATT-1,1,,,1652,3982
ACCGATGGTAGCATCG-1,1,,,620,4383
ACCGCGGTGGAAGTCG-1,1,,,1312,5073
ACCGGGCCTTTGTTGA-1,1,,,1483,4676
ACCTACAGTATGTGGT-1,1,,,1055,5421
ACCTGCGTGTCATGTT-1,1,,,1467,716
ACGATCATCTTGTAAA-1,1,,,622,4878
ACGATGCATATGTTAT-1,1,,,696,1956
ACGCATTCGTGAGTAC-1,1,,,356,2849
ACGCCGCTAGACGACC-1,1,,,1219,3341
ACGCGAAGTCAGACGA-1,1,,,1733,2744
ACGCGCTACACAGGGT-1,1,,,1039,1361
ACGCGGGCCAAGGACA-1,1,,,442,2898
ACGCTGTGAGGCGTAG-1,1,,,863,471
ACGGCGACGATGGGAA-1,1,,,1737,3635
ACGGGAGTGTCGGCCC-1,1,,,1554,1062
ACGTAGATTGCTGATG-1,1,,,357,3146
ACGTATTACTCCGATC-1,1,,,1052,4628
ACGTTAATGTCGAAGA-1,1,,,1046,3242
ACGTTAGATTTGCCCG-1,1,,,868,1758
ACTATCCAGGGCATGG-1,1,,,796,5174
ACTCCCTAGAATAGTA-1,1,,,1649,3289
ACTCGTCAGTAATCCC-1,1,,,617,3690
ACTCTCTGACTTAGGT-1,1,,,1134,3687
ACTCTTGTATAGTAAC-1,1,,,616,3293
ACTGAATGGCGAAAGT-1,1,,,1566,3933
ACTGTCCAGGATTATA-1,1,,,354,2552
ACTTATACTTACCCGG-1,1,,,620,4284
ACTTATTAGGATCGGT-1,1,,,784,2402
ACTTATTTATGTGCCA-1,1,,,1481,4280
ACTTGACTCCCTCTTT-1,1,,,1133,3390
ACTTGTAGTCCCTTCA-1,1,,,1293,320
ACTTTGACTGCATCCT-1,1,,,862,372
AGAAGAGCGCCGTTCC-1,1,,,792,4184
AGAAGGTTGCCGAATT-1,1,,,1127,2004
AGAAGTGATTCGTGAT-1,1,,,1641,1210
AGACCCACCGCTGATC-1,1,,,1735,3041
AGACCGGGAAACCCTG-1,1,,,1036,668
AGAGATCTCTAAAGCG-1,1,,,950,718
AGATAACTTCAGGGCC-1,1,,,266,2008
AGATACCGGTGTTCAC-1,1,,,954,1708
AGATACTCAAGATCGA-1,1,,,1480,3884
AGATTATAGGACGTTT-1,1,,,613,2501
AGCAACATATCTTATT-1,1,,,1051,4430
AGCCCATACATGTAAG-1,1,,,1124,1113
AGCGTGGTATTCTACT-1,1,,,1391,3340
AGCTCTAGACGTTCCA-1,1,,,789,3590
AGCTCTTCGTAACCTT-1,1,,,882,5124
AGCTCTTTACTCAGTT-1,1,,,1041,2054
AGCTTGATCTTAACTT-1,1,,,1037,965
AGGACAGTCGAATCCC-1,1,,,1222,4034
AGGACGACCCATTAGA-1,1,,,1214,2053
AGGATATAGGGATTTA-1,1,,,1482,4577
AGGCCCTAGAACGCCA-1,1,,,1382,1063
AGGGACCGGCTGCGTT-1,1,,,624,5274
AGGGCGAGCAGCTGAT-1,1,,,1295,815
AGGGCTGCAGTTACAG-1,1,,,529,3046
AGGGTCGATGCGAACT-1,1,,,707,4630
AGGGTGCTCTCGAGGG-1,1,,,448,4383
AGGGTTTAGTTCGGGA-1,1,,,356,2948
AGGTAGGTACAAAGCT-1,1,,,522,1363
AGGTCAGGTGAGAGTG-1,1,,,1467,815
AGGTGTATCGCCATGA-1,1,,,691,669
AGGTTTCACACACCTT-1,1,,,1046,3143
AGTCAACACCACCATC-1,1,,,1042,2153
AGTCAAGATGACACTT-1,1,,,1653,4279
AGTCCATTGGCTGATG-1,1,,,1139,4777
AGTCGACGGTCTCAAG-1,1,,,792,4283
AGTCGGCTCAACTTTA-1,1,,,1554,963
AGTCGGTTGCGTGAGA-1,1,,,969,5371
AGTGAACAAACTTCTC-1,1,,,1311,4875
AGTGACCTACTTTACG-1,1,,,1301,2400
AGTGAGACTTCCAGTA-1,1,,,533,4135
AGTGATATGAGTAGTT-1,1,,,1387,2251
AGTGATTCAAGCAGGA-1,1,,,361,4136
AGTGCGTAGCTCGTAA-1,1,,,1472,1904
AGTGCTTGCACGAATA-1,1,,,1050,4232
AGTGGCTCCGTCGGCC-1,1,,,949,421
AGTTAAACACTTGCGA-1,1,,,955,2005
AGTTCCTATTTATGTT-1,1,,,1218,3043
AGTTTGGCCAGACCTA-1,1,,,1555,1359
ATAAACGGACCCGTAA-1,1,,,1561,2844
ATAAAGGCTCGGTCGT-1,1,,,439,2304
ATAAATATTAGCAGCT-1,1,,,780,1213
ATAACGCCGGAGGGTC-1,1,,,532,3838
ATAAGTAGGGCGACTC-1,1,,,623,5175
ATAAGTTACCGCGACG-1,1,,,1474,2399
ATAATAGCTGTTGAAT-1,1,,,1562,2943
ATACCACGGGCAACTT-1,1,,,521,1264
ATACGCCGGCGAAACC-1,1,,,962,3688
ATACGTCCACTCCTGT-1,1,,,1568,4428
ATAGACGAAGAGAAAG-1,1,,,352,2057
ATAGGCGGCTATAGAA-1,1,,,1211,1459
ATAGTGAAGCGTTCTC-1,1,,,1044,2648
ATAGTTCCACCCACTC-1,1,,,794,4877
ATATCAACCTACAGAG-1,1,,,709,5026
ATATCGGTAGGGAGAT-1,1,,,796,5273
ATATCTTAGGGCCTTC-1,1,,,528,2848
ATATGTCTCCCTAGCC-1,1,,,535,4631
ATATTCAGTTAAACCT-1,1,,,1299,1805
ATCAAACACTGTTCCA-1,1,,,1571,5121
ATCAAACGAAGGTTTG-1,1,,,1728,1457
ATCAATCTGGGCTGCA-1,1,,,356,3047
ATCACGTGCTAATTAA-1,1,,,1470,1607
ATCAGACGGCACGCCG-1,1,,,1299,1904
ATCATCCAATATTTGT-1,1,,,872,2748
ATCCAATGGAGGGTCC-1,1,,,1210,1162
ATCCAGGATTCGTGAA-1,1,,,955,2104
ATCCTACCTAAGCTCT-1,1,,,1300,2202
ATCCTGAATCGCTGCG-1,1,,,779,1114
ATCCTGCGTGGAATGG-1,1,,,1386,2152
ATCGACCCAATACAGA-1,1,,,1217,2944
ATCGCCAGTCAACATT-1,1,,,1398,5023
ATGACTATGCGACATT-1,1,,,1653,4180
ATGATGCAATGGTACA-1,1,,,1301,2301
ATGCCATTTGCGACCA-1,1,,,1223,4331
ATGCGACAGTCCCATT-1,1,,,530,3343
ATGGAGCAGGCCGTGA-1,1,,,615,3095
ATGGGCCTCGGCCTCT-1,1,,,1395,4330
ATGGTCGCGTGGTTTC-1,1,,,1394,4033
ATGTGAAAGCCTAATG-1,1,,,1467,914
ATGTGGACATCTTGAT-1,1,,,1564,3339
ATTAAACATGCGGACC-1,1,,,1217,2746
ATTACGCGCTGGCAGG-1,1,,,952,1312
ATTAGGCGATGCTTTC-1,1,,,702,3343
ATTCATATACTGTCCA-1,1,,,1475,2795
ATTCGACGCCGGGCCT-1,1,,,607,1115
ATTCGTGCTATCTCTT-1,1,,,1141,5272
ATTGCTGCTCCTCCAT-1,1,,,524,1957
ATTGTACAACTCGGCT-1,1,,,536,4928
ATTTGTCTTGGGAGCT-1,1,,,963,3985
CAAACGAGTATCGCAG-1,1,,,1559,2151
CAAACTCGCGACGCCG-1,1,,,1399,5320
CAAATCTCTCACAAGG-1,1,,,1296,1013
CAAATGTCCTTCCGTG-1,1,,,1388,2449
CAAGAGGGCGGAGTAC-1,1,,,1478,3488
CAAGATATTATAACGT-1,1,,,1395,4231
CAAGGATCGCATGTTC-1,1,,,960,3193
CAAGTGTGGTTGCAAA-1,1,,,965,4480
CAATACGCTCTGAGGC-1,1,,,948,322
CAATTTCGTATAAGGG-1,1,,,700,2947
CACAATGAGCTGCTAT-1,1,,,1129,2301
CACATATTAGCAGGAT-1,1,,,1564,3438
CACATGATTCAGCAAC-1,1,,,787,2996
CACATTTCTTGTCAGA-1,1,,,1313,5172
CACCCAAATCTTATGT-1,1,,,537,5027
CACCGTTGCGCGATAT-1,1,,,1555,1260
CACCTTGGCGCCTTTG-1,1,,,1225,4925
CACGCGGAACTGTTGC-1,1,,,1138,4678
CACGTCGGCAACCTCT-1,1,,,1729,1655
CACGTTCGTGCTCTAG-1,1,,,704,3838
CACTAAAGTTGCCTAT-1,1,,,526,2353
CACTCAAGAGCTATGG-1,1,,,872,2649
CACTCGAGCTGAACAA-1,1,,,1650,3487
CACTTAATCAGACGGA-1,1,,,439,2205
CAGCTCACTGAGACAT-1,1,,,355,2750
CAGGATATATCGTTGT-1,1,,,1303,2796
CAGGCCGTTTGGGTGT-1,1,,,869,1956
CAGGCGCCATGCTAGG-1,1,,,1736,3437
CAGTCTGTATACTGGG-1,1,,,1132,3093
CATAACGGACAGTCGT-1,1,,,621,4482
CATAAGCTCTCCGTCT-1,1,,,1121,519
CATACCCGTACCCAGT-1,1,,,694,1362
CATACGGCGTCTGGGC-1,1,,,873,2946
CATACTATGTAATTGT-1,1,,,611,2204
CATACTTAGGCAATAC-1,1,,,711,5422
CATAGTCCACAAGAAC-1,1,,,1383,1360
CATATAGGTACAGTCA-1,1,,,1216,2548
CATATGTCAGGCTACG-1,1,,,1640,1012
CATCGGACGGGTTAAT-1,1,,,1130,2697
CATCTTACACCACCTC-1,1,,,708,4729
CATGACTTCGCTGAAT-1,1,,,968,5074
CATGATGGAAGTTAGC-1,1,,,1398,4924
CATGCCAACTCGCAAA-1,1,,,1209,865
CATGGTAAGTAGCGTT-1,1,,,1392,3439
CCAAGCGTAACTCGTA-1,1,,,358,3344
CCAATAGTGCCGTCGA-1,1,,,438,1908
CCAATGTCACAGCAAG-1,1,,,698,2253
CCACACTGAGATATTA-1,1,,,870,2253
CCACAGTACCCATCCT-1,1,,,1654,4378
CCACCCAAGGAAAGTG-1,1,,,703,3541
CCACGAATTTAACCTC-1,1,,,1054,5223
CCACGGAGCCATAAGA-1,1,,,1555,1161
CCACGGTGCCCGGTAG-1,1,,,537,5126
CCACTGGTGGCTGGTT-1,1,,,864,867
CCAGCCTGGACCAATA-1,1,,,701,3046
CCAGCTGATGGTACTT-1,1,,,692,867
CCATCTCACCAGTGAA-1,1,,,794,4679
CCATGCCTGTTTAGTA-1,1,,,526,2452
CCATTAGCGATAATCC-1,1,,,266,1909
CCATTCCCTGCCCACA-1,1,,,351,1760
CCCAAACATGCTGCTC-1,1,,,447,4185
CCCAACATACGTCGCG-1,1,,,1212,1558
CCCAATTTCACAACTT-1,1,,,867,1461
CCCAGTTAAGGCGCCG-1,1,,,1135,3885
CCCGCAGCGCGAACTA-1,1,,,1735,3140
CCCGTAAGTCTAGGCC-1,1,,,952,1213
CCCTGCCCAATCCGCT-1,1,,,1036,767
CCCTGCGCTACGCATA-1,1,,,434,1017
CCGAACACTGGGCCTC-1,1,,,1294,716
CCGAACCTTCCCGGCC-1,1,,,1736,3338
CCGATCTCAACCTTAT-1,1,,,708,4828
CCGATTCGAGGGACCC-1,1,,,778,817
CCGCACAAAGACCAAC-1,1,,,617,3591
CCGCTATCAGCACCAG-1,1,,,1390,2944
CCGCTTACCTCACTCT-1,1,,,1556,1557
CCGGGCTGCTCCATAC-1,1,,,619,4086
CCGGGTTCGAGGTTAC-1,1,,,780,1412
CCGTAAGTTGGTCCCA-1,1,,,359,3641
CCGTGTTAAATTCCAT-1,1,,,1643,1606
CCGTTCCGAATCTCGG-1,1,,,951,916
CCTAAATTAACGGTTC-1,1,,,1132,3192
CCTAGGCGTAGCGATC-1,1,,,619,4185
CCTATGAAGTGGTGCC-1,1,,,710,5323
CCTCCGACAATTCAAG-1,1,,,350,1463
CCTCGGACCGGGATAG-1,1,,,1049,4034
CCTCTCTCCCATCTAG-1,1,,,437,1611
CCTGAACGATATATTC-1,1,,,705,4036
CCTGACCACCGATGGT-1,1,,,1389,2845
CCTGGAAACGTTCTGC-1,1,,,883,5421
CCTGTAAGACATGATA-1,1,,,696,1857
CCTGTACTCACGCCCA-1,1,,,951,1015
CCTGTCGCCCGTAAAT-1,1,,,614,2897
CCTTCTCAGCGTTCCT-1,1,,,1208,568
CGAAACGCAATTCATG-1,1,,,1039,1460
CGAACCCGCATGCGTC-1,1,,,1731,2249
CGAAGTTGCTCTGTGT-1,1,,,350,1562
CGACAATTTGATCTAA-1,1,,,1224,4529
CGACACGCTCCGACAG-1,1,,,1482,4478
CGACAGTTCGCGTTAT-1,1,,,610,1907
CGAGACCCTAGAGTGT-1,1,,,1217,2845
CGAGGGACTGCGGTCG-1,1,,,790,3689
CGAGTACTAAAGAGGA-1,1,,,1384,1558
CGAGTTTATCGGACTG-1,1,,,707,4432
CGATACCTCGCGGACA-1,1,,,956,2203
CGATCCGACCCAGTGC-1,1,,,784,2303
CGATCTGTTGGAGGAC-1,1,,,1468,1013
CGCACATGTCCACTAC-1,1,,,878,4134
CGCACGTGCGCTATCA-1,1,,,880,4728
CGCATGGTGCGATGCT-1,1,,,960,3094
CGCCAAGAAGCCGAGT-1,1,,,863,669
CGCCGCCCATGCCTGT-1,1,,,877,3936
CGCCTCCCTCCTCTAT-1,1,,,1219,3440
CGCCTGGCCTACGTAA-1,1,,,1038,1163
CGCGGCTCAACTTGAA-1,1,,,1224,4628
CGCTACGGGACATTTA-1,1,,,784,2204
CGCTAGAGACCGCTGC-1,1,,,880,4827
CGCTATTCTTAGGCTC-1,1,,,786,2798
CGCTCTCCGTAGATTA-1,1,,,351,1661
CGCTGGTGACTACCCT-1,1,,,1655,4675
CGCTTATTCCCGGTCG-1,1,,,1125,1311
CGGAACGTAAACATAG-1,1,,,1558,2052
CGGAGCATGGCGATCC-1,1,,,874,3144
CGGCCACGCACAAAGT-1,1,,,527,2749
CGGCCCAGGTATATCC-1,1,,,1226,5024
CGGCTCTAAAGCTGCA-1,1,,,1485,5270
CGGGAATATAGTATAC-1,1,,,1570,5022
CGGGAATTTATGTAAA-1,1,,,1390,3043
CGGGCAGCTAAACCGC-1,1,,,268,2602
CGGGCCTTCTTTGTAA-1,1,,,1043,2549
CGGTACTAGAATCAAA-1,1,,,1221,3935
CGGTGAAGACTAAAGT-1,1,,,520,967
CGGTGCAGATAGAACG-1,1,,,1126,1608
CGGTGCGCGTTGGTCC-1,1,,,1729,1754
CGGTTGACCTGGCATA-1,1,,,865,1065
CGTATTAAGAGATCTA-1,1,,,268,2503
CGTCACGTCCATTGGT-1,1,,,1559,2349
CGTCGGATAGTGTTGA-1,1,,,449,4581
CGTGAAGTTAATTCAC-1,1,,,957,2599
CGTGCAGACTGGGACA-1,1,,,961,3490
CGTGCATTGTCGACGC-1,1,,,866,1362
CGTGCCCTCCCGAAGA-1,1,,,1220,3638
CGTGGCCGAATATCTA-1,1,,,1570,4824
CGTTGAGCGACCGTCG-1,1,,,1306,3489
CGTTGTTTCAATTCCC-1,1,,,437,1809
CGTTTCGCTCATTACA-1,1,,,525,2254
CTAAAGAATGCCTACT-1,1,,,609,1610
CTAAAGGGAAATAGGA-1,1,,,1303,2895
CTAACCGCGCGCCCGT-1,1,,,695,1560
CTAAGGGAATGATTGG-1,1,,,1305,3390
CTACGACTAGCTATAA-1,1,,,779,1015
CTACGCACGGAGTACC-1,1,,,527,2650
CTAGATTTACGACGGC-1,1,,,1133,3489
CTAGCATAGTATAATG-1,1,,,443,3096
CTAGGTCTGAAGGAAT-1,1,,,623,4977
CTAGTCACGTCTTAAG-1,1,,,702,3244
CTAGTGAAGGACAGGA-1,1,,,437,1710
CTATCGGGTCTCAACA-1,1,,,529,3244
CTATGTGAGTCACGGC-1,1,,,1380,666
CTATTTGGTTACGGAT-1,1,,,618,3888
CTCACTTGGCTGGTAA-1,1,,,951,1114
CTCCGCCCACATGAGG-1,1,,,1212,1756
CTCGGTACCACTGCTC-1,1,,,1049,3836
CTCTACACTGGCGATT-1,1,,,1208,667
CTCTATTTGGCTGCAG-1,1,,,1649,3190
CTCTCACAATCGATGA-1,1,,,271,3295
CTCTGGACGCCTGGTG-1,1,,,270,2899
CTCTTCTATTGACTGG-1,1,,,1483,4775
CTGAATCCGAGACCTC-1,1,,,1560,2448
CTGCCATGCATCACAT-1,1,,,959,2896
CTGCTGAGGCCACGAA-1,1,,,1729,1556
CTGGATTTACACTTGA-1,1,,,1733,2546
CTGGCATCCGAATGAG-1,1,,,1641,1111
CTGGCGCACAGGTCTG-1,1,,,706,4234
CTGGCTGATTCATCCT-1,1,,,1310,4578
CTGGGATAAATAATGG-1,1,,,791,3986
CTGGGCCTGCTATATC-1,1,,,1297,1310
CTGGGTAGGCAGTTAA-1,1,,,1221,3737
CTGGTAACACATAGAA-1,1,,,1136,4183
CTGGTTTCGAGCAAGA-1,1,,,1481,4181
CTGTACTTCTTAGCAT-1,1,,,870,2352
CTGTGCAGGGTAGGTC-1,1,,,1133,3291
CTGTTACCCAATCTAG-1,1,,,1647,2695
CTTATGCGCTCAGGGC-1,1,,,1207,370
CTTCATTGTCAGTGGA-1,1,,,614,2798
CTTCGTAGATAGGTGA-1,1,,,869,2055
CTTCTATGTTGAAGTA-1,1,,,1469,1211
CTTGAGTTAGGGTAAT-1,1,,,879,4431
CTTGCAACCGCCTCCT-1,1,,,1210,1063
CTTGCCCAGGCTCTAC-1,1,,,1388,2548
CTTGTTGCTGAGTCAA-1,1,,,790,3788
CTTTAGGAACACTGTT-1,1,,,1050,4133
CTTTAGTGCTATTATT-1,1,,,1304,2994
GAAACAGATGACCACC-1,1,,,965,4381
GAAACCGAATTACCTT-1,1,,,1387,2350
GAAAGAACAGCGTTAT-1,1,,,709,4927
GAAAGCCCTTTGGACC-1,1,,,520,868
GAAATTGTCTCTATAA-1,1,,,1215,2449
GAACCTCGACCTACAC-1,1,,,1034,272
GAAGCGTGAGGAATTT-1,1,,,441,2799
GAAGTCTCCCTAGCGA-1,1,,,706,4333
GAAGTGATTTATCGTG-1,1,,,870,2154
GAAGTTTCCACTCAAT-1,1,,,611,2105
GAATAGACGCGACCCA-1,1,,,1137,4381
GAATCTGAACATTCTC-1,1,,,1131,2994
GAATGTGGTCCGGATT-1,1,,,1221,3836
GAATTATAGTGAAAGG-1,1,,,443,3195
GAATTCACCCGGGTGT-1,1,,,1560,2547
GACAAACATATGCAGG-1,1,,,1311,4776
GACACTGAGTTCAGTG-1,1,,,1300,2103
GACAGCCAGACCTGAC-1,1,,,1136,4083
GACAGGCACACACTAT-1,1,,,778,916
GACCGACGTGAAAGCA-1,1,,,796,5372
GACCGTGCTGACGGTG-1,1,,,957,2401
GACGCTTGCTTCTAAA-1,1,,,781,1610
GACTCACCCACGTGAG-1,1,,,795,5075
GACTGCACCAGCCCAG-1,1,,,1479,3785
GAGAGGGCGCGAGGTT-1,1,,,782,1808
GAGAGGTGCATTCTGG-1,1,,,1296,1211
GAGATCTGCTTGGCAT-1,1,,,438,2007
GAGATCTTCCATGACA-1,1,,,1392,3637
GAGGATAAACAGTGCT-1,1,,,969,5470
GAGGCTATCAAAGTCG-1,1,,,521,1165
GAGTATGCCCGCCTTG-1,1,,,1730,1952
GAGTCCGCTTACCGGA-1,1,,,1475,2696
GAGTGTGCGGTACCCA-1,1,,,1309,4182
GATAACTCGCACTGTG-1,1,,,878,4233
GATACGATGGGAGTCA-1,1,,,1386,2053
GATAGGTAACGTTGAC-1,1,,,1647,2794
GATATGAGACACTAAC-1,1,,,876,3837
GATCCGGGAATTAACA-1,1,,,875,3441
GATCGCGGGCTCTCCA-1,1,,,612,2402
GATCGGATAGAACCAT-1,1,,,1035,470
GATCGTGACTGATATC-1,1,,,788,3392
GATCTTGGAGGGCATA-1,1,,,1305,3291
GATCTTTGCAGGGTAT-1,1,,,609,1709
GATGCGTCCTGCATTC-1,1,,,699,2650
GATGCTGTATTTCATC-1,1,,,1220,3539
GATGTTCAATCCACGA-1,1,,,1041,1955
GATTACTGAATTTGGG-1,1,,,1040,1757
GATTCGACGGTTCACG-1,1,,,1047,3341
GCAAACCCTACATTAT-1,1,,,1652,3883
GCAAATATTACGCTTT-1,1,,,524,1858
GCAACACACTAGAACT-1,1,,,1466,617
GCAACAGCAGTATGCG-1,1,,,1484,5072
GCAACCACGGCCGCGT-1,1,,,1210,1261
GCAACGGCTAGTTATG-1,1,,,1227,5420
GCAAGAATTCCTTGGC-1,1,,,1298,1607
GCAGACCCAGCACGTA-1,1,,,881,4926
GCAGATTAGGGATATC-1,1,,,700,2848
GCAGCACACAGCCCAG-1,1,,,782,1907
GCAGGACTATAGAATA-1,1,,,523,1660
GCATACGAGGTCTTTA-1,1,,,777,520
GCATAGAGCACTCAGG-1,1,,,700,2749
GCATTGTAATTCATAT-1,1,,,1037,866
GCCACAATTTAAGGAC-1,1,,,1385,1756
GCCCGCGCGTAAACGG-1,1,,,1730,1853
GCCGAAATTCCTACGT-1,1,,,525,2056
GCCGATTGGCCAAGCT-1,1,,,1045,2846
GCCGCTTGTGAGAAAC-1,1,,,610,1808
GCCGGGTTAGGGTCGC-1,1,,,1044,2747
GCCTCATCTGGAAATA-1,1,,,1051,4529
GCGAAACTTAACTGGA-1,1,,,1307,3885
GCGACATGTAAACATC-1,1,,,709,5125
GCGACGATAGTTGTAC-1,1,,,1646,2497
GCGAGCGCATGCTCCC-1,1,,,710,5224
GCGAGGCCCGAGCAGA-1,1,,,697,2154
GCGAGTTCTGCAAAGA-1,1,,,528,2947
GCGATTGTTAACGTTA-1,1,,,703,3640
GCGCAAGAGCGCGCTG-1,1,,,966,4777
GCGCCGTTCCACGATA-1,1,,,1045,3044
GCGCTAATTGAATAGA-1,1,,,443,3294
GCGCTATGCCGAGGCA-1,1,,,1214,2152
GCGGAGAGGGAGAACG-1,1,,,1479,3686
GCGGCTCTGACGTACC-1,1,,,782,1709
GCGGTTCCCTATCATG-1,1,,,1559,2250
GCGTCTCTGCATTGGG-1,1,,,868,1857
GCGTGGTACTGGGTTA-1,1,,,535,4532
GCTAAGTAGTTTCTCT-1,1,,,445,3789
GCTACAGTACGGACCG-1,1,,,949,520
GCTACGACTTATTGGG-1,1,,,1219,3242
GCTAGACCGTCTACTG-1,1,,,1139,4975
GCTAGTAGAGCTTGTA-1,1,,,873,3045
GCTCCCAGTCGGTCCA-1,1,,,1227,5222
GCTCCGCTCGCTTCAG-1,1,,,1141,5371
GCTCGCTCATGTCCAA-1,1,,,1052,4727
GCTGAGGCGTGAGTAT-1,1,,,959,2995
GCTGCACGGTTTCTTA-1,1,,,1047,3440
GCTGTATTACTGGCCC-1,1,,,1471,1706
GCTGTTGCTACCGAAC-1,1,,,879,4530
GCTTAATGTAACTAAC-1,1,,,1135,3984
GCTTACGTAGTTAGTA-1,1,,,624,5373
GCTTATGAAGCAGGAA-1,1,,,533,4234
GGAACCGTGTAAATTG-1,1,,,1731,2150
GGAGACGACACCTTTG-1,1,,,1218,3143
GGATCCGGAATATACT-1,1,,,446,3888
GGATGAAGATCGCTGA-1,1,,,1137,4480
GGATGACGCGAGTTTA-1,1,,,697,2055
GGATGCTGGCGTTCCT-1,1,,,864,768
GGATGTCCTTACCGCA-1,1,,,534,4333
GGCAAATTACTTTACT-1,1,,,1043,2450
GGCAAGGCGAAATAGC-1,1,,,1391,3241
GGCACTCCACTGGGCA-1,1,,,439,2106
GGCATACAGGTAGCGG-1,1,,,436,1413
GGCCCTCACCCACTTA-1,1,,,692,966
GGCGAAATCTAACTTG-1,1,,,1222,4133
GGCGCAGGACATCTTC-1,1,,,693,1164
GGCGCATGAATTGATG-1,1,,,1129,2499
GGCGCGTTCGAGTTTA-1,1,,,1561,2745
GGCGGAGTAATATTAG-1,1,,,266,2107
GGCTATTAAGTTGTAT-1,1,,,351,1859
GGCTGAAATAGCAAAG-1,1,,,1737,3734
GGGAACGGGAGGTTAG-1,1,,,868,1659
GGGACTGCATAGATAG-1,1,,,269,2800
GGGAGAACTCACAGTA-1,1,,,270,2998
GGGAGGATGCCCGAAA-1,1,,,698,2353
GGGAGTTAATGAGGCG-1,1,,,358,3542
GGGATGGTCGTAACCG-1,1,,,1558,1953
GGGATTTACCGCACCT-1,1,,,1137,4282
GGGCCCGTCTTAAACA-1,1,,,1129,2400
GGGCCCTACGAAAGGG-1,1,,,777,619
GGGCCGGCCGAAGTAC-1,1,,,619,3987
GGGCGGCAAATGAATT-1,1,,,1731,2051
GGGCGGGTTCCCTACG-1,1,,,1212,1657
GGGCGTCACCACGTAA-1,1,,,1645,2299
GGGCTGCCTAGGGCGA-1,1,,,357,3245
GGGTACTTCATGAACT-1,1,,,696,1758
GGGTCACCGTGACGGT-1,1,,,525,2155
GGGTGACACCTTAACT-1,1,,,1474,2597
GGGTTTAGGATAGGAT-1,1,,,1226,5123
GGTACAAACATGCTAT-1,1,,,957,2500
GGTACATCTGGGACGA-1,1,,,778,718
GGTAGTGCTCGCACCA-1,1,,,444,3393
GGTATTGCCGAGTTTA-1,1,,,354,2453
GGTCAGTGGGTCCCAC-1,1,,,1648,2893
GGTGAAGTACAGGGAT-1,1,,,1557,1656
GGTGATAAGGAGCAGT-1,1,,,704,3739
GGTGCTGGTACACATT-1,1,,,1128,2103
GGTTACCACCCTCGGG-1,1,,,1384,1459
GGTTAGCTATATGTCT-1,1,,,1567,4131
GGTTCTACTCGTCTGA-1,1,,,881,5025
GGTTTAGCCTTTCTTG-1,1,,,1484,4874
GTAAGTAACAGTCTGG-1,1,,,963,3886
GTACACTTACCTGAAG-1,1,,,615,2996
GTACAGAGGCAAGGGT-1,1,,,705,3937
GTACGCTTCATTGCAC-1,1,,,1478,3389
GTACGTTTGCCCGTCA-1,1,,,1304,3192
GTACTCCCTTATCGCT-1,1,,,607,1214
GTACTGGAGTTAGACC-1,1,,,360,3839
GTAGCGGCTATACACT-1,1,,,874,3243
GTAGTCGCGGGAATCA-1,1,,,1738,3834
GTATCTTTCATAACCA-1,1,,,1476,3092
GTATGTGGGTCTAGTT-1,1,,,792,4382
GTATTCTGAGAAACGA-1,1,,,1643,1705
GTCAAGCGGACTCGGG-1,1,,,876,3639
GTCATTAGAGCGAACG-1,1,,,701,3145
GTCCATTACTGCTACG-1,1,,,1140,5074
GTCCCAACGTAAAGTA-1,1,,,358,3443
GTCGCGTAACCCGTTG-1,1,,,875,3540
GTCGTACCATCTCGGG-1,1,,,1476,2894
GTCGTTATTCGCTTAT-1,1,,,1478,3587
GTCTATCTGAGTTTCT-1,1,,,955,1906
GTCTGGGCGGTCGAGA-1,1,,,1472,2003
GTCTTGTAGCTATTCA-1,1,,,1313,5370
GTGACCGCACACTACG-1,1,,,878,4332
GTGACGAGGGTGACCC-1,1,,,280,5473
GTGACTTCAGTAGTGC-1,1,,,1473,2300
GTGAGGACACTTAAGG-1,1,,,1048,3638
GTGATCACTAACGCCT-1,1,,,1569,4626
GTGATCATAGATCTGC-1,1,,,1388,2647
GTGATTCGCCGCTCAA-1,1,,,1643,1804
GTGCCATCACACGGTG-1,1,,,1125,1509
GTGCCCGTTCGGATTC-1,1,,,877,4035
GTGCCGCTTCAAAGGT-1,1,,,1300,2004
GTGCGAAATCGAACAC-1,1,,,1386,1954
GTGCGACAGGGAGTGT-1,1,,,622,4779
GTGCGTGTATATGAGC-1,1,,,1049,3935
GTGCTCAAGTACTGTC-1,1,,,440,2403
GTGGACCAACCCGATT-1,1,,,1383,1261
GTGGCGGTCCCAGCGT-1,1,,,950,817
GTGGGAAGACTGAATC-1,1,,,1380,567
GTGGTGGCCAAGTGAA-1,1,,,1393,3736
GTGGTTTCCGCCTTTC-1,1,,,1125,1410
GTGTGAATAACTTAGG-1,1,,,360,3938
GTGTTACTATGCGTCC-1,1,,,1047,3539
GTTAACTATGTTGTCA-1,1,,,1227,5321
GTTACAATTGGTGACG-1,1,,,694,1461
GTTACCTACAACTTGC-1,1,,,1563,3141
GTTACTTTGGGCCTAG-1,1,,,1215,2350
GTTATATTATCTCCCT-1,1,,,1647,2596
GTTCGCCATAAGTGCC-1,1,,,698,2452
GTTCGGATCGGGAACA-1,1,,,1313,5271
GTTGAACCGGTTCCAT-1,1,,,1127,1806
GTTGGATTTGCGTTGG-1,1,,,612,2303
GTTTACGTTCCATCTG-1,1,,,1648,2992
GTTTCATATCGTCGCT-1,1,,,866,1164
GTTTCTGCAGTCTCCC-1,1,,,961,3391
GTTTGGCCCAAGTTAT-1,1,,,1135,3786
TAACATACAATGTGGG-1,1,,,788,3293
TAACTCATCCGCGCGG-1,1,,,1215,2251
TAAGGCTGAATCCCTC-1,1,,,1396,4627
TAAGTAACATCTTGAC-1,1,,,1471,1805
TAATTAGGACATCCGT-1,1,,,1140,5173
TACAACGCACAACTCA-1,1,,,1042,2252
TACATAGGCATACACC-1,1,,,958,2797
TACATCCCTATCCCTG-1,1,,,1294,518
TACATTTCTAACGTGC-1,1,,,871,2550
TACCAGAAGTAGGTTC-1,1,,,1732,2348
TACCGGCTCACTGCCC-1,1,,,1562,3042
TACCGGTCGTTTCCAT-1,1,,,1298,1508
TACGACGCTTGCTGCG-1,1,,,1474,2498
TACGACTGCCTCTTAG-1,1,,,1304,3093
TACGAGAACTTCACGT-1,1,,,523,1759
TACGATGTTGATCATC-1,1,,,523,1561
TACGCAGTTCTTTCCT-1,1,,,1043,2351
TACGCCATATTCTAAT-1,1,,,958,2698
TACGTTTACCGGCAAT-1,1,,,953,1411
TACTGGACAGCTCGGC-1,1,,,521,1066
TACTTGTTAGTAGTCC-1,1,,,705,4135
TACTTTCCGCACGCCA-1,1,,,1553,765
TAGACTACCTAGCGTT-1,1,,,795,4976
TAGAGATCATGCAACT-1,1,,,1296,1112
TAGATATGGACTGGAA-1,1,,,1732,2447
TAGCCATTTCAAAGTC-1,1,,,1223,4232
TAGCCGGCGGTCAGCG-1,1,,,360,4037
TAGCGTCCCTCGATTG-1,1,,,1399,5221
TAGCGTTGGGTCTTAC-1,1,,,788,3194
TAGCTGATGTGAAGCG-1,1,,,1121,321
TAGGGAGCTTGGGATG-1,1,,,621,4581
TAGGTGCTCGCCTAGC-1,1,,,964,4084
TAGGTTCGAGTTCGTC-1,1,,,529,3145
TAGTCCGCAGAGAATG-1,1,,,871,2451
TAGTCGATCACGGGTT-1,1,,,1655,4576
TAGTCTAACAACGAGA-1,1,,,953,1510
TAGTGCCCTCCAGAGT-1,1,,,268,2404
TATAGATGGTCGCAGT-1,1,,,967,4876
TATAGGGTACTCATGA-1,1,,,606,818
TATATCCCTGGGAGGA-1,1,,,621,4680
TATCTACCACAGCGGG-1,1,,,1131,2796
TATGGGACCGAGCAGG-1,1,,,613,2600
TATGGGTACGTATCGT-1,1,,,269,2701
TATGGTCTGAGTAACA-1,1,,,613,2699
TATGGTTAGTGGGAGA-1,1,,,1054,5024
TATTACCATCCTGCTT-1,1,,,793,4580
TATTCAATTCTAATCC-1,1,,,444,3492
TATTCCACTCAGCTCG-1,1,,,1733,2645
TATTCCTCCGCCCACT-1,1,,,1642,1408
TATTCGTGCCAGAATA-1,1,,,442,2997
TCAACATCGACCGAGA-1,1,,,1294,617
TCAACGAGGAGACAAA-1,1,,,1130,2598
TCAACGCAGGAAATAA-1,1,,,1728,1358
TCAACGCGACCGGCAG-1,1,,,865,966
TCAAGGTTACTACACC-1,1,,,1570,4923
TCACAGGGAATCGCAA-1,1,,,1565,3735
TCACAGGTTATTGGGC-1,1,,,267,2206
TCACCCTCTTAAGATT-1,1,,,1389,2746
TCACGCATTGTAGATC-1,1,,,353,2255
TCACGTGCCCGATTCA-1,1,,,786,2897
TCAGACGCTATAGAAG-1,1,,,1650,3388
TCAGTAGGGACTATAA-1,1,,,1473,2201
TCATTTAAGTCTCCGA-1,1,,,535,4730
TCCAACTTTAAATTCT-1,1,,,954,1807
TCCAGAGCACCGGTTC-1,1,,,960,3292
TCCCAGCTTTAGTCTG-1,1,,,441,2601
TCCCGGGTGTGCTGCT-1,1,,,436,1512
TCCCGTGTGCAATTTG-1,1,,,1307,3786
TCCGCGGCAGCATCTG-1,1,,,446,3987
TCCGCTGTCATCCCGG-1,1,,,1566,3834
TCCTACATCCACGGCC-1,1,,,1480,3983
TCCTAGCAAAGAAGCT-1,1,,,1041,1856
TCCTCCTAAGACATTC-1,1,,,1553,864
TCCTCGGGCTGGGCTT-1,1,,,962,3589
TCCTGCGTTGATACTC-1,1,,,780,1313
TCGAAGAACCGAGCAC-1,1,,,1397,4726
TCGAGACCAACACCGT-1,1,,,699,2551
TCGCAAAGATGCATTT-1,1,,,1564,3537
TCGCCGAAGTTGCGTC-1,1,,,1384,1657
TCGGACGCCCAGCCCA-1,1,,,359,3740
TCGGAGAGTATCGGGA-1,1,,,1382,964
TCGGGATTCAAACATA-1,1,,,863,570
TCGGGCCGTCGTGGTA-1,1,,,964,4183
TCGTATTACCCATTGC-1,1,,,693,1065
TCGTGTACTATGGATG-1,1,,,1565,3636
TCGTGTCACGCTGACA-1,1,,,1209,964
TCTAGCAATCTCCGCC-1,1,,,1469,1310
TCTAGCATGCCCAGAA-1,1,,,1649,3091
TCTAGTGATATCGTGG-1,1,,,1311,4677
TCTAGTTATCAGAAGA-1,1,,,440,2502
TCTATTACTAGAGGAT-1,1,,,1035,569
TCTGAACTCGTACCCG-1,1,,,1568,4527
TCTGAATTCCGTACAA-1,1,,,448,4482
TCTGCCAGAAACTGCA-1,1,,,1048,3737
TCTGGGAACCTTTGAA-1,1,,,966,4678
TCTGGGTAGCGCTCAT-1,1,,,953,1609
TCTTACTTATGCCTCT-1,1,,,1396,4429
TCTTAGAGCTCCAATT-1,1,,,968,5173
TCTTAGAGTGAACTCT-1,1,,,1225,4727
TCTTCGAATAGACGTT-1,1,,,874,3342
TCTTCGATACCAATAA-1,1,,,270,3097
TCTTCTATAACCCGCC-1,1,,,1398,5122
TCTTGATGCGTAGCGA-1,1,,,271,3196
TCTTTAAGACTATGAA-1,1,,,449,4680
TGAAAGGACCTGACTC-1,1,,,532,3937
TGACATCGAGCGGACC-1,1,,,536,4829
TGACCCACGTTAGACA-1,1,,,353,2156
TGACGAATATTTCCCT-1,1,,,1295,914
TGACGATGCACTAGAA-1,1,,,707,4531
TGACTATAATCCTTTC-1,1,,,1477,3191
TGAGAGATTTACCACG-1,1,,,1051,4331
TGAGCCATACAGTCTC-1,1,,,1126,1707
TGAGTAAATTAGCGTA-1,1,,,1561,2646
TGAGTGCCTCTTAAAT-1,1,,,1385,1855
TGATCAGGGAACTGCT-1,1,,,1123,1014
TGATTCTGTCGCCGGT-1,1,,,1644,2002
TGATTTATTAGCTGTG-1,1,,,781,1511
TGCAGAACTATATCGT-1,1,,,1123,915
TGCAGAGTACCGAGCA-1,1,,,783,2105
TGCAGATCGTCCTAGG-1,1,,,1122,717
TGCAGCTACGTACTTC-1,1,,,1122,618
TGCAGTTTCCTCCCAT-1,1,,,964,4282
TGCATATGTCTGTCAC-1,1,,,533,4036
TGCCAAAGTCAGACTT-1,1,,,1208,766
TGCCCGTACCGTTAAA-1,1,,,1392,3538
TGCGAATATGGGATTT-1,1,,,1380,468
TGCGACACCCTAGTGC-1,1,,,1472,2102
TGCGTAAGAACCTGAT-1,1,,,1213,1954
TGCGTTTGTTGACACT-1,1,,,1134,3588
TGCTCCACAGTTCTTA-1,1,,,1396,4528
TGCTGTTGAAGAACTC-1,1,,,787,3095
TGGAAGAAGGGAACGT-1,1,,,867,1560
TGGACTGTTCGCTCAA-1,1,,,702,3442
TGGCAGATTACGATCA-1,1,,,1302,2697
TGGCAGCAGTAATAGT-1,1,,,872,2847
TGGCTCTTGTCGCGTA-1,1,,,1121,420
TGGGCAATAGTTGGGT-1,1,,,1485,5171
TGGGCCCATACTAATT-1,1,,,1567,4230
TGGTAAGCAGGATTGA-1,1,,,1035,371
TGGTCTGTTGGGCGTA-1,1,,,694,1263
TGTACGAACAAATCCG-1,1,,,786,2699
TGTAGGAGAAATTTCC-1,1,,,447,4086
TGTAGTGATCTATAAT-1,1,,,522,1462
TGTATGGCGCAGACAG-1,1,,,1223,4430
TGTCCTAAGTCACCGC-1,1,,,435,1314
TGTGCTTTACGTAAGA-1,1,,,605,719
TGTTATTGTATGTGGC-1,1,,,1308,4083
TGTTCCGCTTCCATGA-1,1,,,611,2006
TGTTCGTATTGCGGTG-1,1,,,1734,2843
TGTTCTTCCATTGACT-1,1,,,352,1958
TTAACTTCAGGTAGGA-1,1,,,1468,1112
TTAAGATAGGATTGAC-1,1,,,1225,4826
TTACATGCCACAACTA-1,1,,,1053,4925
TTACCATTGATTACCC-1,1,,,435,1215
TTACGGATGGTTCGAG-1,1,,,362,4433
TTACTAAAGGACTTTA-1,1,,,1651,3685
TTACTCCGGCCGGGAA-1,1,,,445,3690
TTACTCTGGTACGTAC-1,1,,,1211,1360
TTACTGGGATATTTCA-1,1,,,1302,2499
TTAGACGAGTCACCTC-1,1,,,1651,3784
TTAGAGTTTAGAAGGA-1,1,,,1480,4082
TTAGCTGATTTGCCGT-1,1,,,793,4481
TTAGTAGGGCGGCGGG-1,1,,,435,1116
TTAGTTATTCGTGGCA-1,1,,,1568,4329
TTATATACGCTGTCAC-1,1,,,789,3491
TTATGAATGAAAGGGA-1,1,,,1045,2945
TTATGATCTTAACGAA-1,1,,,790,3887
TTATTAGAGCGTGTTC-1,1,,,1477,3290
TTCAAAGTCTCTAGCC-1,1,,,531,3541
TTCAATACTCTGAATC-1,1,,,791,4085
TTCACGAAAGGATCAC-1,1,,,785,2501
TTCAGCCCTGGTCCAC-1,1,,,1566,4032
TTCAGGCGTCAAAGCC-1,1,,,949,619
TTCCAATCTGGCTATC-1,1,,,1645,2101
TTCCAGACGAGATTTA-1,1,,,882,5322
TTCCGCGTGAGGCGAT-1,1,,,1476,2993
TTCCGGTATCTGTGTC-1,1,,,1056,5520
TTCCGGTTACCCACTT-1,1,,,1394,4132
TTCGGGACTAATCGCG-1,1,,,616,3393
TTCTAACCGAAGCTTA-1,1,,,447,4284
TTCTGCCGCGCCTAGA-1,1,,,1735,3239
TTCTGCGGGTTAGCGG-1,1,,,962,3787
TTCTTGAGCCGCGCTA-1,1,,,1557,1854
TTCTTGCTAGCATCTC-1,1,,,968,5272
TTGAAGAATTCCCAGG-1,1,,,267,2305
TTGAATATGGACTTTC-1,1,,,445,3591
TTGAATTCACGTGAGG-1,1,,,880,4629
TTGACAGGAGCTCCCG-1,1,,,1569,4725
TTGACATGAACGTGGA-1,1,,,1297,1409
TTGACGCTCCATGAGC-1,1,,,1053,4826
TTGACTACCATATGGT-1,1,,,1213,1855
TTGACTATTGTCCGGC-1,1,,,1484,4973
TTGAGAGTACTGCTAA-1,1,,,1298,1706
TTGATTAGCTGTTTCT-1,1,,,1642,1507
TTGCACAATTCAGAAA-1,1,,,1216,2647
TTGCATGCTGATCACG-1,1,,,1039,1559
TTGCCCTGATCACGGG-1,1,,,608,1511
TTGCTGATCATGTTCG-1,1,,,355,2651
TTGGACATGTGGCTTA-1,1,,,1038,1262
TTGGATATCGTCTACG-1,1,,,1646,2398
TTGGTCACACTCGTAA-1,1,,,1645,2200
TTGTAAGGACCTAAGT-1,1,,,1470,1409
TTGTAATCCGTACTCG-1,1,,,527,2551
TTGTGAGGCATGACGC-1,1,,,1207,469
TTGTTTCCATACAACT-1,1,,,1382,1162
